"Temp";"Bioscreen";"k";"r"
26;"A";1.53426349396402;0.163296378524884
26;"A";1.51063720333797;0.161821305117681
26;"A";1.41511261234543;0.157882131090059
26;"A";1.55928544332219;0.158479725664189
26;"A";1.64612906227738;0.145234980935764
26;"A";1.63511294013757;0.145599097066526
26;"A";1.44884439141765;0.16628890494937
26;"A";1.48706890902996;0.163448200625318
26;"A";1.36925580398026;0.157589446506427
26;"A";0.62019114313093;0.166523597641284
26;"A";1.28584939114028;0.157474010852211
26;"A";1.38486515657943;0.151090204817653
26;"A";1.23063268345536;0.155294677705507
26;"A";1.66073399657253;0.153082801749924
26;"A";1.62162689074813;0.153799982925272
26;"A";1.41763303696796;0.16601115520022
26;"A";1.56111542423808;0.163919593872735
26;"A";1.60973381877689;0.161864603217296
26;"A";1.44825760599979;0.158042313922128
26;"A";0.845775821508942;0.162263463505042
26;"A";1.28695516030872;0.148077820872778
26;"A";1.00605793254069;0.163801869420526
26;"A";1.14707563115665;0.159262879756966
26;"A";1.23282225965348;0.172796734942431
26;"A";1.33766931029727;0.165067298042468
26;"A";1.44400301690301;0.16191442994351
26;"A";1.38751170352357;0.157316617978276
26;"A";1.35731304424342;0.162880114094069
26;"A";0.820166311873676;0.181497853887041
26;"A";0.564666494538148;0.153944833424096
30;"A";0.927211184249025;0.15937853750279
30;"A";1.17221991897959;0.201673570625123
30;"A";1.21773749637022;0.200178236069672
30;"A";1.28794563036719;0.194099976423
30;"A";1.40503402495848;0.210785994714483
30;"A";1.37551209315476;0.219784151928508
30;"A";1.46306737878666;0.206053994860529
30;"A";1.3802523425908;0.223847751389407
30;"A";1.40132999114826;0.215703929189597
30;"A";1.18883572010359;0.208217175847371
30;"A";1.54343911601351;0.156545406684539
30;"A";1.52285554466777;0.169129776582984
30;"A";1.54126426172329;0.199209449531791
30;"A";1.47028663878086;0.20707285814165
30;"A";1.49301011040486;0.205230694230572
30;"A";1.43313414534951;0.208978681022268
30;"A";1.4221397847154;0.210886950570566
30;"A";1.42613702473776;0.215836142903904
30;"A";1.43047949306913;0.214181053442972
30;"A";1.2128630133601;0.208739982927303
30;"A";1.21575909504705;0.156489461677054
30;"A";1.55962660869348;0.172304273600278
30;"A";1.4677142826439;0.199521409217652
30;"A";1.48239217605003;0.202866842796134
30;"A";1.47312583721357;0.209495938386245
30;"A";1.47702625757093;0.20520723740543
30;"A";1.49006110303005;0.203458314254303
30;"A";1.45772644090725;0.206798120371627
30;"A";1.46178118594273;0.213916038549864
30;"A";1.35475000943666;0.213353273984281
31;"A";1.44961370748699;0.156681613338289
31;"A";1.32525993536622;0.213137799034721
31;"A";1.83287467331105;0.149010003714598
31;"A";1.53869125260247;0.190660843235193
31;"A";1.41390683633418;0.225784621404576
31;"A";1.4303409043598;0.210353705509951
31;"A";1.38101697072554;0.240527594822655
31;"A";1.7546110072762;0.161913011750668
31;"A";1.84044428157597;0.165703723705894
31;"A";1.89914662614787;0.160933524377527
31;"A";1.65187263343744;0.17709238632812
31;"A";1.44860769225826;0.226693997805368
31;"A";1.42410003963994;0.245813214443912
31;"A";1.58445791835106;0.181602054128024
31;"A";1.48272113318589;0.206274540149394
31;"A";1.35132922833825;0.246080461942518
31;"A";1.35957470364707;0.229316665620409
31;"A";1.38405790635996;0.249939914732359
31;"A";1.42266892649786;0.176429740929413
31;"A";1.50033822682572;0.183850770152903
31;"A";1.54076677254687;0.21635594836917
31;"A";1.52855751017985;0.224195801333157
31;"A";1.43916434565571;0.230915138724789
31;"A";1.4522500705263;0.237547625790865
31;"A";1.60235613264241;0.192461584220994
31;"A";1.56369975235985;0.189650229547445
31;"A";1.53574145399328;0.203263852664318
31;"A";1.48047930464588;0.210202760151065
31;"A";1.46812876885362;0.175291238233791
31;"A";1.6668375841413;0.175660527824123
33;"A";0.99102101485016;0.307314010743297
33;"A";1.24461208832927;0.308556752600564
33;"A";1.26533023259034;0.315465681093699
33;"A";1.31804895710448;0.292830825294023
33;"A";1.23383874105935;0.321607863663026
33;"A";1.28656574593637;0.30726660843393
33;"A";1.22854456838518;0.316380721121133
33;"A";1.32972265030322;0.306115010560357
33;"A";1.08971901986163;0.286208821580321
33;"A";0.906405220570334;0.184643536176222
33;"A";1.06364105781713;0.269763862945912
33;"A";1.0447159216718;0.285163128865353
33;"A";1.24334310824291;0.290834339514269
33;"A";1.27233099414193;0.297598342647122
33;"A";1.16769175442304;0.29113463221999
33;"A";1.25622704940762;0.267490859039741
33;"A";1.29230688447055;0.272424120642371
33;"A";1.28720882570954;0.307705663259813
33;"A";1.2332002922985;0.302877757294138
33;"A";0.74409242491292;0.229551203362222
33;"A";1.02171076700186;0.280616712800191
33;"A";1.0326518440703;0.345855546423602
33;"A";1.07486789064907;0.347070999385514
33;"A";1.03213809794163;0.367158737506468
33;"A";1.11443916457633;0.358496393183889
33;"A";1.21827097808135;0.336167485828945
33;"A";1.21362906846984;0.315811931135309
33;"A";1.15227465099973;0.32483719241593
33;"A";1.20457894241027;0.197761029591455
33;"A";0.98749494133321;0.163179443166858
34;"A";1.26075715796977;0.390213325815389
34;"A";1.37250540888255;0.356588572219776
34;"A";1.3812117311746;0.359363534089409
34;"A";1.36379563992113;0.357533889177465
34;"A";1.37416006528653;0.363486045068252
34;"A";1.33866068258884;0.361027054323822
34;"A";1.3531011505157;0.380251378453989
34;"A";1.17086934506156;0.432096612950114
34;"A";0.91343912526512;0.497949010351797
34;"A";1.01841199092399;0.364979669129335
34;"A";1.14432114151453;0.38154054828173
34;"A";1.11925920044772;0.399782603116373
34;"A";1.0547653111217;0.353992436995309
34;"A";1.14531719436366;0.375388938347113
34;"A";1.33539982451048;0.348696554435823
34;"A";1.26091890920967;0.358796000936835
34;"A";1.28616971457171;0.3640910776548
34;"A";1.15324217385217;0.315009727983206
34;"A";0.873368663670936;0.280312921321388
34;"A";0.95172480085314;0.418728388106479
34;"A";1.07308194082082;0.418467971725984
34;"A";1.11746966233345;0.428801685249234
34;"A";0.968872421753075;0.420985083005539
34;"A";1.15611421059644;0.406715303554412
34;"A";1.02344454571402;0.405565591870838
34;"A";1.05002725914508;0.394690865375328
34;"A";1.21320825424155;0.369294016759063
34;"A";1.09810915759624;0.287309863803341
34;"A";0.928832154640192;0.274249476191177
34;"A";1.00557495434177;0.372556906186768
38;"A";0.975518921356536;0.239282123549374
38;"A";0.824388982401595;0.124824076636356
38;"A";1.23698831607582;0.119837171787597
38;"A";1.01821557278675;0.18843711217711
38;"A";1.01540228956351;0.24879894343156
38;"A";1.05969587461437;0.238955346450387
38;"A";0.90105260875334;0.203049748291237
38;"A";0.658603582919548;0.224519648396454
38;"A";0.587984181436884;0.146250090975705
38;"A";0.344305224344283;0.1797961797176
38;"A";3.15620726659284;0.121109388399838
38;"A";1.57485699804982;0.192813069978245
38;"A";1.49365431277051;0.193868426983968
38;"A";1.53160229604309;0.185863486767088
38;"A";1.46096197421716;0.21212621166948
38;"A";2.08715128039691;0.13314704469914
38;"A";1.63323960906505;0.172571100673867
38;"A";1.8088213097628;0.149720025523088
38;"A";1.50576168655603;0.222248863509714
38;"A";0.786016238998442;0.114976916494146
38;"A";0.968973270170459;0.09952816022716
38;"A";1.83889962901087;0.153741428020674
38;"A";1.81565655253862;0.160787362362236
38;"A";5.53386068476576;0.116097705009353
38;"A";1.44183141050885;0.229981301606727
38;"A";1.43300630948565;0.228586945394985
38;"A";1.43605991471011;0.22852089875799
38;"A";1.71051902591519;0.171738748590271
38;"A";2.11357147334961;0.140777092804388
38;"A";1.00941103800133;0.105893932308864
28;"B";1.46216908662476;0.195698627367587
28;"B";1.40887266283447;0.202019332522612
28;"B";1.46051119828732;0.199644882629396
28;"B";1.32659695312869;0.187586768055708
28;"B";1.47771894947316;0.19012770552697
28;"B";1.47365661305944;0.185271786047153
28;"B";1.50929902174846;0.187441241974794
28;"B";1.39252641784275;0.190776261574813
28;"B";0.508895745232051;0.231883934433874
28;"B";0.773474823153387;0.212455762049788
28;"B";0.810732325514864;0.200856565324095
28;"B";0.7081640816897;0.206592950570557
28;"B";0.764477801882997;0.188112318862521
28;"B";0.743021464511286;0.189267234556895
28;"B";0.975262897483374;0.179325904050779
28;"B";0.772402360884638;0.190714131290747
28;"B";0.620176634518989;0.205034325243831
28;"B";0.510268125127323;0.19461757643152
28;"B";0.450159939822024;0.252097200480171
28;"B";1.08409322157916;0.181015307234353
28;"B";1.03996716026472;0.180867851532388
28;"B";1.24598324876272;0.157750032432561
28;"B";0.778260099719142;0.177246256749112
28;"B";0.799405333710046;0.16459205126302
28;"B";0.702541114380391;0.174709342153885
28;"B";0.715145045041514;0.174693646648996
28;"B";0.789486269858099;0.164607044861673
28;"B";0.568117956240923;0.203367511989608
28;"B";0.454929340799009;0.2585800489829
28;"B";0.870625057341352;0.170150737308994
32;"B";1.29565428183178;0.251550494462571
32;"B";1.26211699483255;0.283159443832211
32;"B";1.25637972319262;0.288407114602032
32;"B";1.35074463073088;0.274674428319424
32;"B";1.34102876919764;0.278134717971994
32;"B";1.31244801579471;0.236717584001403
32;"B";1.34361709041616;0.243716501519573
32;"B";1.41206308098165;0.266144919112532
32;"B";0.937134378761079;0.254464643408345
32;"B";1.09826892397796;0.234694965216206
32;"B";1.36886706652723;0.262955671474711
32;"B";1.41206940205503;0.261583698757693
32;"B";1.34685797721608;0.254022361159703
32;"B";1.43862380233156;0.265386259640508
32;"B";1.41222735705029;0.258703540727782
32;"B";1.39079952618928;0.258312095238791
32;"B";1.4270493676621;0.256979438264719
32;"B";1.43786611913206;0.261190852111553
32;"B";1.44290741678677;0.262757379825861
32;"B";1.27637002027028;0.276057308878573
32;"B";1.37736373671032;0.260354466761689
32;"B";1.4018559577196;0.275116789614292
32;"B";1.40080288840179;0.268739667739219
32;"B";1.37565267363702;0.272045330480864
32;"B";1.3774934774558;0.256204575571935
32;"B";1.38730670726088;0.263345431381421
32;"B";1.38858384667743;0.266891847114112
32;"B";1.02832728272247;0.26420211755039
32;"B";0.971216963325289;0.214851634129519
32;"B";1.94210506484855;0.137911026365078
36;"B";1.6077585734104;0.315163567652252
36;"B";1.17672619593664;0.342106236367457
36;"B";1.35790981824743;0.371913888353215
36;"B";1.27044516191866;0.347171088497798
36;"B";1.36543630455045;0.339161879331638
36;"B";1.36706020526505;0.337410370027176
36;"B";1.61947649791937;0.227282625236801
36;"B";1.64285763833837;0.266553017292985
36;"B";1.54465476889917;0.273007261871085
36;"B";1.5126888525016;0.257011706763268
36;"B";1.37964527768337;0.3154019021613
36;"B";1.36568299336017;0.305605637248638
36;"B";1.42399448123612;0.310787609795254
36;"B";1.40005360764407;0.31791183091048
36;"B";1.423540138227;0.330524148364609
36;"B";1.40012764511121;0.318424955456028
36;"B";1.47432297804467;0.31641104882942
36;"B";1.41611942565755;0.317627954585276
36;"B";1.50682424249687;0.316745773480548
36;"B";1.30049621886088;0.299853642027333
36;"B";1.50390733130034;0.343907286145789
36;"B";1.39767777872982;0.329836261357569
36;"B";1.4129941516532;0.300997324497992
36;"B";1.41387996807347;0.322138785832543
36;"B";1.47558212733696;0.321069164984614
36;"B";1.45013296307442;0.333400711059797
36;"B";1.47910713377463;0.328028310875075
36;"B";1.4181503513773;0.333552277804603
36;"B";1.40660087176832;0.330406298649553
36;"B";1.38587362523467;0.354647235400214
39;"B";0.007892446693243;0.257415908731403
39;"B";0.007915740760437;0.222193895392532
39;"B";0.008120815657877;0.179545373992742
39;"B";0.010194798851628;0.289556460152183
39;"B";0.010835884049026;0.256802422927651
39;"B";0.011271727366098;0.246719499802555
39;"B";0.009231389187652;0.289929863640441
39;"B";0.009223279796111;0.225301907271834
39;"B";0.010024946531938;0.212074855892074
39;"B";0.007453672976242;0.188177293501171
39;"B";0.007300853242107;0.255916086652961
39;"B";0.007163676882438;0.218103874019855
39;"B";0.006814473690096;0.199591526811024
39;"B";0.006995333464197;0.190897581606417
39;"B";0.006380401135245;0.205265997342726
39;"B";0.009438776274443;0.1988404727882
39;"B";0.009451067996931;0.203277593958027
39;"B";0.008320853390048;0.204567546898894
39;"B";0.00782914438339;0.151837584050635
39;"B";0.006097778919278;0.14010792421914
39;"B";0.005138556384545;0.118100647350208
39;"B";0.008050793276091;0.186100464003779
39;"B";0.009;0.217518996524945
39;"B";0.008660837767644;0.220125905932879
39;"B";0.012598143329646;0.289149300198332
39;"B";0.012132448055467;0.285978311991572
39;"B";0.012302108351596;0.297003424579724
39;"B";0.013286968323772;0.274948063358335
39;"B";0.013567999302224;0.274581118758421
39;"B";0.0154768631094;0.279371355253242
